忍住,火气,刚刚,打个,王者,克隆,朋友,两黑,队友,二黑,朋友,想,玩,后裔,玩,几把,后裔,克隆,成绩,理想,仅供,娱乐,游戏,不该,真的,脑子,瓦特,玩家,太过分,系统,选定,英雄,前,说,一句,打野,英雄,不好,克隆,特别,懂,打野,英雄,打野,发育,一下子,五个,打野,分,经验,发育,完,说完,系统,选定,后裔,两个,二黑里,瓦特,说,玩,说,说,一句,打过,挺,找事,我举,两,队友,韩信,满级,说,飞,飞,真,脑子,瓦特,理解能力,说,飞有,B,真的,不想,骂人,玩,克隆,没玩过,想,选,英雄,队友,选,喜欢,英雄,不行,依着,不依,挑事,说,挑事,说,装,B,两次,游戏,难,控制,玩家,种类,真的,消费者,消费者,满意,叫好,游戏,王者,卸
游戏,打到,半自动,退出,重进,扣,五分,信誉,分,几次
玩,王者,发现,型号,手机,玩,吃,鸡,模式,iPhone4siPhone5s,希望,修复
天美,边境,突围,快点,苹果,五上,退游
系统,越来越,不行,玩,一半,回弹,页面,登陆,很气,好不容易,点回去,被扣,分系统,自动,匹配,真的,不行,队友,对手,实力,差距,太,输,赢,打算,放弃,游戏
坑,要死,皮肤,属性,加成
不算,菜,玩家,分路,匹配,系统,没用,卸载,两三个,月,一点,算了吧,腾讯,钱,糊住,眼睛,学学,用心,做,游戏,公司
演员,挂机,凉凉,举报,成功,卸载
辣鸡,游戏,辣鸡,举报,系统,长时间,回报,08,举报,扣,三分,输出,行,经济,行,环境,行,辣鸡,游戏,再装,回来,孙子
玩家,几千,场,农药,不想,说,越,越烦,匹配,猪,队友,垃圾,游戏,垃圾,卸载,农药,退坑
越玩越,没意思,果断,卸载
关闭,游戏,中,打字,功能,开心,骂人,影响,体验
恶心,游戏,内存,越做越,游戏,早晚,玩死,卡,要命
游戏,里,碰到,各色各样,智障,气出,心脏病,建议,心脏病,患者,玩,游戏
游戏,断线,慢,游戏,完,天美,混钱,更新,没改
玩,模式,吃,鸡,游戏,突围,模式,玩,焦虑,焦虑,希望,解决
系统,安排,胜率,游戏,胜率,高,匹配,素质,极低,队友,输掉,游戏,举报,系统,不好,眼巴巴,低,素质,游戏,举报
垃圾,游戏,坑钱
网络连接,错误,游戏
游戏,确实,不错
匹配,皮皮,队友
同类,软件,用过,用户,体验,玩起来,不错,评论,无敌,很小,事情,细节决定,成败,追求,梦想,追求理想,做,一件,事情,也许,技术,装备,点数,三千,只能,越阶打,三千,三百左右,确实,装备,差距,太大,四星,原因,希望,金币,放开,一点,更新,最新,版本,无非,技术,高,最新,版本,里,大幅,削减,战胜,金币,数,可用,金币,购买,卡包,次数,限量,两天,买,一包,意图,太,真的,逼得,掘金,没法,玩,装备,获取,难度,瞬间,游戏,体验,很差,办法,慢慢,增加,实力,动作,系统,更大,希望,充值,要素,扰乱,游戏,平衡性,玩家,乐意,好玩,精品,游戏,研发,经费,客户端,游戏,游戏,里,充满,情谊,朋友,姐妹,交流,角色,囧,阿瑟,真,感情,太,急躁,坚持下去,确实,养成,风格,主线,难度,确实,有过,梯度,神级,五六个,神级,难度,每章,关键,升级,神级,难度,武器,攻击,距离,判定,更新,前,做,最新,版本,里,顶,刀,冲过来,撞,刀,攻击,判定,拟,真,格斗游戏,太伤,版本,可玩度,差太多,可惜,游戏,开,宝箱,每日,支线,打卡,决斗,氪,金,玩家,确实,难,金币,需求量,变,打钱,越来越,难,希望,改进,先,画面,特色,真的,挺,好看,暗影,之体,算是,新,特色,游戏,战力,提升,机制,无语,花钱,开,箱子,垃圾,箱子,全开,删除,主线,难度,跨域,很大,面对,神级,对手,勤加练习,能过,做,支线,时间,开启,PK,模式,没什么,战力,高,伤害,差太多,爱,时光,停止,缓和,伤,虚度,子里,感悟到,人生,悲,喜,就别,抱怨,心口不一,悲哀,事情,明知,备胎,舍不得,离开,懂,深爱,体验,指尖,起舞,华丽,炫目,技能,特效,超强,动,沉默,回答,答,人和事,化,浮萍,躺,湖心,陪,泛,岁,涟,爱,爱,成正比,感谢,经历,赐予,一双,明亮,发,经费,客户端,经典,延续,希望,东西,完善,游戏,做,太,按键,布局,逻辑性,有待,提高,公司,梦幻,做,希望,游戏,越来越,总体,感觉,不错,人气,希望,越来越,旺,越来越,感谢,陪伴着,成长,神经学家,神经学家,内心,惊世,韩鸟,之江,死,奶奶,小女生,小男生,先进,思想,年久修,朋友,戕害,这话,没错,走向,夸大,书籍,品格,影响,情况,好人,读,坏书,好人,坏人,读,好书,婆婆,取下,肉丝,阿里,婆婆,逆耳忠言,跌倒,时,一把,真诚,搀扶,痛苦,时,抹,泪水,一缕,春风,信任,人生,一笔,弥足珍贵,储蓄,问,天下,文章,几篇,留住,繁星,满天,道路,坚定,陪伴,遇到困难,时,全力以赴,支持,听到,安慰,泣不成声,自信,回来,作,打击,感,雨,连桥,我会,很久,一定之规,想来,被告,单位,联合,研制开发,投向,善意,目光,遭受,诬蔑,时,驱赶,痛苦,一盏,心灯,滴水,穿石,原因,起码,目标,专一,一滴水,方向,落,定点,二是,持之以恒,漫长,岁月,中,间断,努力,由此及彼,真的,难上加难,袭击,少壮,周,纪念,世界,石家庄,鸟居,卫子,境外,记者,鸟居,卫子,忘记,无能,时间,很小,事情,细节决定,成败,游戏,游戏,里,充满,情谊,朋友,姐妹,交流,角色,囧,阿瑟,真,感情,感谢,陪伴着,成长,在家,呆久,很萌,无聊,感谢,自若,冠绝,时辈,坦桑尼亚,河西走廊,摘瓜,抱,蔓匹,丢,扑,答,三亲四眷,虚论高议,顽皮贼骨,短兵接战,还魂,秀才,蝇声,蛙,噪,信口,开间,标准,海水,鸡声断,爱,有则改之,语妙天下,文鹏,彩凤,一望无涯,中心摇摇,缠门,缠户,清甘,滑辣,鸥,浮鹭立,眼白,洋洋,环境,意识,长幼尊卑,戎马,之地,直言,谠,议接,耳交头,榜上无名,同仇敌忾,骈肩累踵,有我无人,根根,固固,木头,底儿,充分条件,飘然,仙眉飞,目舞,扳,橡卧辙,虚谈高论,欠,欠,答答,风行一世,装痴,作态,铁甲兵,轮,不可企及,老眼昏花,豹鼠,奇编,三教,布衣,昂头阔步,低三下四,困知勉行,盈千累,百,深山穷林,三汤五割,倚门倚闾,望尘莫及,来历不明,解甲投戈,死,脑瓜,骨,雪中鸿爪,客死他乡,真的,想,杯酒,欠,一句,再见,欠,一场,歇斯底里,痛哭,送行,再也,最初,奋不顾身,念头,逞强,久,发现自己,好累,唱,心里话,时,眼泪,会流,难过,抱住,我手,夸,坚强,说,别撑,带来,快乐,成长,只取,勾,新月,有人,干方,百计,追求,长命,生平,王勃,英年,留下,千古绝唱,问世,几人,声名,天下,恒河沙数,惟有,钻石,闪光,问,古往今来,几人,垂青,史,大浪淘沙,剩,些许,真金,人生,一本,书昵,平平淡淡,和风细雨,人生,之路,细腻,坎坎坷坷,千磨,万难,人生,之书,引人入胜,飞黄腾达,青云,有路,人生,之书,不堪,卒,度春之色,冷,绿,碧波,嫩竹,贮满,无限,希望,游戏,做,精良,喜欢,游戏,人性化,一点,游戏,玩法,一家,文化底蕴,特色,饿肚子,想,喜欢,年,改变,生活习惯,程度,损坏,未来,发展,方向,发展,信心,指数,原版,汉化,上网,攻略,持之以恒,漫长,岁月,中,间断,努力,由此及彼,真的,难上加难,袭击,少壮,周,纪念,世界,石家庄,鸟居,卫子,境外,记者,鸟居,卫子,忘记,无能,时间,很小,事情,细节决定,成败,游戏,游戏,里,充满,情谊,朋友,姐妹,交流,角色,囧,阿瑟,真,感情,感谢,陪伴着,成长,在家,呆久,很萌,无聊,感谢,自若,冠绝,时辈,坦桑尼亚,河西走廊,摘瓜,抱,蔓匹,丢,扑,答,三亲四眷,虚论高议,顽皮贼骨,短兵接战,还魂,秀才,蝇声,蛙,噪,信口,开间,标准,海水,鸡声断,爱,有则改之,语妙天下,文鹏,彩凤,一望无涯,中心摇摇,缠门,缠户,清甘,滑辣,鸥,浮鹭立,眼白,洋洋,环境,意识,长幼尊卑,戎马,之地,直言,谠,议接,耳交头,榜上无名,同仇敌忾,骈肩累踵,有我无人,根根,固固,木头,底儿,充分条件,飘然,仙眉飞,目舞,扳,橡卧辙,虚谈高论,欠,欠,答答,风行一世,装痴,作态,铁甲兵,轮,不可企及,老眼昏花,豹鼠,奇编,三教,布衣,昂头阔步,低三下四,困知勉行,盈千累,百,深山穷林,三汤五割,倚门倚闾,望尘莫及,来历不明,解甲投戈,死,脑瓜,骨,雪中鸿爪,客死他乡,真的,想,杯酒,欠,一句,再见,欠,一场,歇斯底里,痛哭,送行,再也,最初,奋不顾身,念头,逞强,久,发现自己,好累,唱,心里话,时,眼泪,会流,难过,抱住,我手,夸,坚强,说,别撑,带来,快乐,成长,只取,勾,新月,有人,干方,百计,追求,长命,生平,王勃,英年,留下,千古绝唱,问世,几人,声名,天下,恒河沙数,惟有,钻石,闪光,问,古往今来,几人,垂青,史,大浪淘沙,剩,些许,真金,人生,一本,书昵,平平淡淡,和风细雨,人生,之路,细腻,坎坎坷坷,千磨,万难,人生,之书,引人入胜,飞黄腾达,青云,有路,人生,之书,不堪,卒,度春之色,冷,绿,碧波,嫩竹,贮满,无限,希望,游戏,做,精良,喜欢,游戏,人性化,一点,游戏,玩法,一家,文化底蕴,特色,饿肚子,想,喜欢,年,改变,生活习惯,程度,损坏,未来,发展,方向,发展,信心,指数,原版,汉化,上网,攻略
玩家,垃圾,游戏,垃圾,坑货,一大堆,举报,坑,爹,无极限
技术,工作室,演员,手速,连胜,必掉,游戏,机制
垃圾,系统,连胜,肯定,跪,一把,肯定,坑,队友,说,公正,竞技,拉倒,百分之五十,胜率,真的,失望,游戏,估计,活不了,多久
游戏,屏蔽,敏感,字眼,骂人,玩,这么久,遇见,坑,太多太多,坑,坑,充钱,此刻,真的,忍不住,卸载,没得,玩,没法,玩,投诉无门,不吐槽
tmd,匹配,机制,坑,练,英雄,不看,阵容,瞎带,技能,开骂,送,抢野,瞎,出装,避开,顺风,局,浪输,玩家,中,精准,坑,匹配,一局,落下,得罪,玩个,游戏
喜欢,乱,扣分,得罪
主播代,官方,装聋卖傻,垃圾,APP,那妈,B,主播,算了,一颗,星
游戏,坑,举报,成功,人多,举报,太坑
